Name,Category,Subject,Description
Annual Report 2024.pdf,Company Documents,Financial Reports,This is a plain text description for the annual financial report. It contains summary information about the company's financial performance for the year.
Company Logo.png,Company Documents,Financial Reports,https://www.pixelstalk.net/wp-content/uploads/2016/07/Free-Amazing-Background-Images-Nature.jpg
Budget Summary.docx,Company Documents,Financial Reports,<p>This is a <strong>rich text description</strong> for the budget summary document with <em>formatted content</em> and <u>styling</u>.</p><p>Includes detailed budget breakdown and financial projections.</p>
Employee Handbook.pdf,Company Documents,HR Documents,The employee handbook contains all company policies, procedures, and guidelines that employees need to follow.
Benefits Guide.pdf,Company Documents,HR Documents,https://www.pixelstalk.net/wp-content/uploads/2016/08/Beautiful-nature-cool-images-background-hd.jpg
Policy Updates.docx,Company Documents,HR Documents,<div><h3>HR Policy Updates</h3><p>Recent changes to company policies include:</p><ul><li>Updated remote work policy</li><li>New parental leave guidelines</li><li>Revised dress code</li></ul></div>
Marketing Strategy.pdf,Company Documents,Marketing Materials,The marketing strategy document outlines our approach to reaching target audiences and achieving business objectives.
Brand Guidelines.pdf,Company Documents,Marketing Materials,https://www.pixelstalk.net/wp-content/uploads/2016/07/Free-Amazing-Background-Images-Nature.jpg
Campaign Results.xlsx,Company Documents,Marketing Materials,<div style="background-color: #f9f9f9; padding: 15px;"><h4>üìä Campaign Performance</h4><p>Q4 campaign results show <span style="color: green;">15% increase</span> in engagement</p><p><em>ROI: 3.2x</em></p></div>
Project Charter.pdf,Project Documents,Planning Documents,The project charter defines the scope, objectives, and key stakeholders for the current project initiative.
Requirements Doc.docx,Project Documents,Planning Documents,https://www.pixelstalk.net/wp-content/uploads/2016/08/Beautiful-nature-cool-images-background-hd.jpg
Timeline.xlsx,Project Documents,Planning Documents,<div><h3>üìÖ Project Timeline</h3><p>Key milestones and deadlines:</p><ol><li>Planning Phase: Complete</li><li>Development Phase: In Progress</li><li>Testing Phase: Upcoming</li><li>Launch: Q2 2025</li></ol></div>
Design Mockups.pdf,Project Documents,Design Assets,Design mockups show the visual direction and user interface concepts for the new product.
Wireframes.pdf,Project Documents,Design Assets,https://www.pixelstalk.net/wp-content/uploads/2016/07/Free-Amazing-Background-Images-Nature.jpg
Style Guide.pdf,Project Documents,Design Assets,<div style="border: 2px solid #0078d4; padding: 20px;"><h3>üé® Design Style Guide</h3><p>Comprehensive design system including:</p><ul><li>Color palette</li><li>Typography</li><li>Component library</li><li>Icon set</li></ul></div>
Test Results.pdf,Project Documents,Testing Documents,Test results document contains detailed findings from user acceptance testing and quality assurance processes.
Bug Report.xlsx,Project Documents,Testing Documents,https://www.pixelstalk.net/wp-content/uploads/2016/08/Beautiful-nature-cool-images-background-hd.jpg
QA Checklist.docx,Project Documents,Testing Documents,<p>QA testing <span style="color: orange;">in progress</span></p><p>Critical bugs identified and being addressed</p><p><u>Target completion: End of week</u></p>
Training Manual.pdf,Training Materials,Course Materials,The training manual provides step-by-step instructions for completing various tasks and procedures.
Presentation.pptx,Training Materials,Course Materials,https://www.pixelstalk.net/wp-content/uploads/2016/07/Free-Amazing-Background-Images-Nature.jpg
Handout.pdf,Training Materials,Course Materials,<div><h3>üìö Training Resources</h3><p>Comprehensive training package includes:</p><ul><li>Interactive presentations</li><li>Practice exercises</li><li>Assessment tools</li><li>Reference materials</li></ul></div>
Video Tutorial.mp4,Training Materials,Multimedia,Video tutorial demonstrating the key features and functionality of the new system.
Screenshots.zip,Training Materials,Multimedia,https://www.pixelstalk.net/wp-content/uploads/2016/08/Beautiful-nature-cool-images-background-hd.jpg
Audio Guide.mp3,Training Materials,Multimedia,<div style="background: linear-gradient(45deg, #ff6b6b, #4ecdc4); color: white; padding: 15px; border-radius: 8px;"><h4>üé• Multimedia Training</h4><p>Video and audio resources for self-paced learning</p><p><em>Duration: 45 minutes</em></p></div>
Assessment Quiz.pdf,Training Materials,Evaluations,Assessment quiz to evaluate understanding and retention of training materials.
Feedback Form.docx,Training Materials,Evaluations,https://www.pixelstalk.net/wp-content/uploads/2016/07/Free-Amazing-Background-Images-Nature.jpg
Certificates.pdf,Training Materials,Evaluations,<div style="border-left: 4px solid #28a745; padding-left: 15px;"><h4>üèÜ Training Certificates</h4><p>Certificates awarded upon successful completion</p><p><strong>Valid for: 2 years</strong></p></div>
Technical Specs.pdf,Technical Documentation,API Documentation,Technical specifications document detailing the API endpoints, parameters, and response formats.
Code Examples.zip,Technical Documentation,API Documentation,https://www.pixelstalk.net/wp-content/uploads/2016/08/Beautiful-nature-cool-images-background-hd.jpg
Integration Guide.docx,Technical Documentation,API Documentation,<div><h3>üîß API Integration Guide</h3><p>Complete integration documentation with:</p><ul><li>Authentication methods</li><li>Request/response examples</li><li>Error handling</li><li>Best practices</li></ul></div>
System Architecture.pdf,Technical Documentation,System Docs,System architecture document outlines the overall design and structure of the technical infrastructure.
Database Schema.pdf,Technical Documentation,System Docs,https://www.pixelstalk.net/wp-content/uploads/2016/07/Free-Amazing-Background-Images-Nature.jpg
Network Diagram.pdf,Technical Documentation,System Docs,<p>System architecture <span style="color: green;">approved</span> and ready for implementation</p><p>Scalable design supports future growth</p>
User Guide.pdf,Technical Documentation,User Guides,User guide providing detailed instructions for end users on how to use the system effectively.
FAQ.pdf,Technical Documentation,User Guides,https://www.pixelstalk.net/wp-content/uploads/2016/08/Beautiful-nature-cool-images-background-hd.jpg
Troubleshooting.docx,Technical Documentation,User Guides,<div style="background-color: #fff3cd; padding: 15px; border: 1px solid #ffeaa7;"><h4>üîç Troubleshooting Guide</h4><p>Common issues and solutions:</p><ol><li>Login problems</li><li>Data sync issues</li><li>Performance optimization</li></ol></div>